City_ID,City,Country,Lat,Lng,Max Temp,Humidity,Cloudiness,Wind Speed,Current Description
0,Sao Filipe,CV,14.8961,-24.4956,73.22,69,0,12.24,clear sky
1,Balezino,RU,57.9796,53.0106,18.07,100,85,5.3,overcast clouds
2,Mataura,NZ,-46.1927,168.8643,62.44,50,89,1.48,overcast clouds
3,Whitehorse,CA,60.7161,-135.0538,31.1,65,75,11.5,shower rain
4,Albany,US,42.6001,-73.9662,37.81,61,96,6.06,overcast clouds
5,Rikitea,PF,-23.1203,-134.9692,79.5,70,22,18.81,light rain
6,Meadow Lake,US,34.8014,-106.5436,72.37,7,0,5.55,clear sky
7,Westport,US,41.1415,-73.3579,52.09,44,0,10.36,clear sky
8,Ushuaia,AR,-54.8,-68.3,53.26,50,40,12.66,scattered clouds
9,Ilam,NP,26.9167,87.9167,53.74,71,2,5.5,clear sky
10,Punta Arenas,CL,-53.15,-70.9167,50.11,87,100,5.75,light rain
11,Cape Town,ZA,-33.9258,18.4232,69.12,83,20,4.61,few clouds
12,Ilulissat,GL,69.2167,-51.1,33.82,34,100,25.32,overcast clouds
13,Sambava,MG,-14.2667,50.1667,76.64,89,100,3.27,light rain
14,Atuona,PF,-9.8,-139.0333,78.15,79,23,18.59,light rain
15,Chokurdakh,RU,70.6333,147.9167,-28.26,100,62,1.32,broken clouds
16,Maumere,ID,-8.6199,122.2111,79.68,84,72,8.99,broken clouds
17,Jiayuguan,CN,39.8167,98.3,32.0,31,100,6.38,overcast clouds
18,Sokoni,TZ,-6.4333,39.55,81.43,71,60,12.17,broken clouds
19,Butaritari,KI,3.0707,172.7902,80.74,83,100,13.53,moderate rain
20,East London,ZA,-33.0153,27.9116,72.64,77,97,11.27,overcast clouds
21,Nanortalik,GL,60.1432,-45.2371,21.58,92,100,24.49,snow
22,Castro,BR,-24.7911,-50.0119,66.96,92,99,4.09,overcast clouds
23,Torbay,CA,47.6666,-52.7314,30.58,83,75,16.11,broken clouds
24,Axim,GH,4.8699,-2.2405,78.85,83,48,7.83,moderate rain
25,Touros,BR,-5.1989,-35.4608,81.5,75,76,9.55,broken clouds
26,Mweka,CD,-4.85,21.5667,67.68,93,97,1.39,overcast clouds
27,Busselton,AU,-33.65,115.3333,49.05,67,42,5.44,scattered clouds
28,Hithadhoo,MV,-0.6,73.0833,83.59,71,50,10.18,scattered clouds
29,Palauig,PH,15.435,119.9045,77.34,72,77,3.02,broken clouds
30,Puerto Ayora,EC,-0.7393,-90.3518,87.76,86,88,8.01,overcast clouds
31,Samarai,PG,-10.6167,150.6667,81.12,82,95,6.85,overcast clouds
32,Qaanaaq,GL,77.484,-69.3632,5.85,52,8,8.08,clear sky
33,Sola,VU,-13.8833,167.55,81.27,89,75,0.0,broken clouds
34,Jamestown,US,42.097,-79.2353,45.72,40,75,8.05,broken clouds
35,Flinders,AU,-34.5833,150.8552,71.2,94,98,5.99,light rain
36,Hilo,US,19.7297,-155.09,80.33,77,75,11.5,broken clouds
37,Chuy,UY,-33.6971,-53.4616,75.27,52,1,5.41,clear sky
38,Moose Factory,CA,51.2585,-80.6094,-2.2,50,0,8.05,clear sky
39,Chapais,CA,49.7834,-74.8492,6.58,84,100,5.97,overcast clouds
40,Bredasdorp,ZA,-34.5322,20.0403,69.12,68,26,3.44,scattered clouds
41,Saint-Philippe,RE,-21.3585,55.7679,74.79,88,23,8.93,few clouds
42,Port Alfred,ZA,-33.5906,26.891,67.71,85,5,7.81,clear sky
43,Nadym,RU,65.5333,72.5167,10.62,96,100,7.31,light snow
44,Nikolskoye,RU,59.7035,30.7861,33.87,88,100,4.29,overcast clouds
45,Bontang,ID,0.1333,117.5,76.78,88,100,4.92,overcast clouds
46,Hermanus,ZA,-34.4187,19.2345,68.9,85,1,13.15,clear sky
47,Puerto Escondido,MX,15.85,-97.0667,85.03,70,0,5.75,clear sky
48,Kaduy,RU,59.2,37.15,16.07,99,97,2.19,overcast clouds
49,Vao,NC,-22.6667,167.4833,79.32,79,58,18.28,broken clouds
50,Vanimo,PG,-2.6741,141.3028,78.08,86,93,2.48,overcast clouds
51,Manokwari,ID,-0.8667,134.0833,77.88,81,100,1.92,overcast clouds
52,Leningradskiy,RU,69.3833,178.4167,0.97,96,99,5.82,overcast clouds
53,Faanui,PF,-16.4833,-151.75,82.08,70,17,17.2,few clouds
54,Cayenne,GF,4.9333,-52.3333,79.09,88,75,9.22,broken clouds
55,Hare Bay,CA,48.8499,-54.0148,27.75,73,98,12.21,overcast clouds
56,Menomonie,US,44.8755,-91.9193,32.77,55,100,12.66,overcast clouds
57,Yellowknife,CA,62.456,-114.3525,2.41,58,0,2.3,clear sky
58,Ponta Do Sol,PT,32.6667,-17.1,65.07,80,20,2.04,few clouds
59,Along,IN,28.1667,94.7667,53.28,78,7,2.08,clear sky
60,Mar Del Plata,AR,-38.0023,-57.5575,64.42,65,0,8.99,clear sky
61,Jamame,SO,0.0722,42.7506,77.02,86,37,11.5,scattered clouds
62,Arraial Do Cabo,BR,-22.9661,-42.0278,78.76,78,0,12.66,clear sky
63,Dubai,AE,25.2582,55.3047,71.22,77,0,3.44,clear sky
64,Lorengau,PG,-2.0226,147.2712,81.19,76,100,1.7,overcast clouds
65,Turka,UA,49.1541,23.0297,29.26,98,97,3.13,light snow
66,Barentu,ER,15.1139,37.5928,78.75,43,39,3.78,scattered clouds
67,Aklavik,CA,68.2191,-135.0107,5.83,60,0,12.66,clear sky
68,Hobart,AU,-42.8794,147.3294,68.05,76,40,6.91,scattered clouds
69,Medea,DZ,36.2642,2.7539,36.05,44,7,4.54,clear sky
70,Broken Hill,AU,-31.95,141.4333,73.11,68,0,10.36,clear sky
71,Kaspiyskiy,RU,45.3929,47.3707,39.25,88,74,15.95,broken clouds
72,Constitucion,CL,-35.3333,-72.4167,67.69,74,23,13.8,few clouds
73,North Bend,US,43.4065,-124.2243,52.92,96,100,11.5,mist
74,Qaqortoq,GL,60.7167,-46.0333,23.5,91,100,24.36,snow
75,Altenburg,DE,50.9833,12.45,32.63,80,26,1.81,scattered clouds
76,Teahupoo,PF,-17.8333,-149.2667,78.76,73,33,17.11,scattered clouds
77,Kholodnyy,RU,62.7167,147.95,-2.47,94,100,4.76,overcast clouds
78,Jinka,ET,5.65,36.65,73.09,44,91,1.28,overcast clouds
79,San Ramon,US,37.7799,-121.978,75.2,40,0,8.05,clear sky
80,Georgetown,MY,5.4112,100.3354,76.95,99,40,1.14,scattered clouds
81,Kalabo,ZM,-14.97,22.6814,68.83,87,84,4.92,broken clouds
82,Avarua,CK,-21.2078,-159.775,86.05,74,20,10.36,few clouds
83,Clyde River,CA,70.4692,-68.5914,1.63,85,100,29.93,heavy snow
84,Sangar,RU,63.9242,127.4739,-23.26,99,82,2.75,broken clouds
85,Dikson,RU,73.5069,80.5464,-24.0,98,100,8.14,overcast clouds
86,Khatanga,RU,71.9667,102.5,-2.33,88,100,7.85,overcast clouds
87,Bluff,NZ,-46.6,168.3333,55.26,66,97,4.21,overcast clouds
88,Hervey Bay,AU,-25.2986,152.8535,86.04,88,41,12.8,scattered clouds
89,Longyearbyen,SJ,78.2186,15.6401,13.84,85,75,12.66,light snow
90,Yarmouth,US,41.7057,-70.2286,43.27,68,0,6.91,clear sky
91,Svetlogorsk,BY,52.6333,29.7333,32.09,95,100,4.74,overcast clouds
92,Barrow,US,71.2906,-156.7887,3.22,85,40,13.8,haze
93,Waipawa,NZ,-41.4122,175.5153,62.46,59,17,4.92,few clouds
94,Apricena,IT,41.7839,15.4437,40.87,79,8,2.42,clear sky
95,Kailua,US,21.4022,-157.7394,82.38,70,0,1.99,clear sky
96,Mahebourg,MU,-20.4081,57.7,79.09,94,75,11.5,broken clouds
97,Jibuti,DJ,11.5,42.5,72.82,74,6,11.14,clear sky
98,Ahuimanu,US,21.4447,-157.8378,82.11,67,40,10.36,scattered clouds
99,Wencheng,CN,33.0559,113.7978,47.03,62,2,4.14,clear sky
100,College,US,64.8569,-147.8028,27.21,85,40,3.44,scattered clouds
101,Kapaa,US,22.0752,-159.319,78.78,75,0,9.22,moderate rain
102,Saint-Augustin,CA,51.226,-58.6502,17.94,95,100,16.51,snow
103,Turukhansk,RU,65.8167,87.9833,-11.16,99,100,5.03,overcast clouds
104,San Cristobal,VE,7.7669,-72.225,77.18,58,78,2.37,broken clouds
105,Kaeo,NZ,-35.1,173.7833,71.33,71,99,18.19,overcast clouds
106,Najran,SA,17.4924,44.1277,65.05,37,0,2.73,clear sky
107,Saint-Joseph,RE,-21.3667,55.6167,73.78,85,19,8.25,few clouds
108,Pangnirtung,CA,66.1451,-65.7125,-9.4,77,100,5.75,overcast clouds
109,Ust-Nera,RU,64.5667,143.2,-9.02,98,100,3.74,overcast clouds
110,San Jose,US,37.3394,-121.895,78.57,40,75,10.36,broken clouds
111,Tateyama,JP,34.9833,139.8667,48.09,83,87,7.4,overcast clouds
112,Mangrol,IN,21.1167,70.1167,72.73,51,0,11.79,clear sky
113,Bristol,US,41.8334,-71.1662,42.71,47,0,10.36,clear sky
114,Okhotsk,RU,59.3833,143.3,4.37,72,100,15.03,overcast clouds
115,Quesnel,CA,52.9999,-122.5029,50.5,43,0,4.61,clear sky
116,Pacific Grove,US,36.6177,-121.9166,80.58,60,0,11.5,clear sky
117,Cairns,AU,-16.9167,145.7667,85.1,80,25,3.44,scattered clouds
118,Kodiak,US,57.79,-152.4072,35.11,93,100,24.16,moderate rain
119,Vaini,TO,-21.2,-175.2,77.16,94,75,0.0,broken clouds
120,Sitka,US,57.0531,-135.33,42.69,75,100,13.8,overcast clouds
121,Brae,GB,60.3964,-1.353,42.71,77,13,23.0,few clouds
122,Dingle,PH,10.9995,122.6711,77.29,89,69,8.23,broken clouds
123,Katsuura,JP,35.1333,140.3,48.18,80,95,8.61,overcast clouds
124,Bida,NG,9.0833,6.0167,87.33,20,60,3.38,broken clouds
125,Orocue,CO,4.7912,-71.3354,82.35,61,98,5.86,overcast clouds
126,Hampton,US,37.0299,-76.3452,60.85,60,20,10.36,few clouds
127,Buin,CL,-33.7333,-70.75,89.92,38,0,7.25,clear sky
128,Laguna,US,38.421,-121.4238,76.64,39,0,8.05,clear sky
129,Salalah,OM,17.0151,54.0924,75.29,64,0,3.44,clear sky
130,Tomatlan,MX,19.9333,-105.25,85.46,42,0,9.42,clear sky
131,Vavuniya,LK,8.7514,80.4971,74.53,76,99,4.94,overcast clouds
132,Jabinyanah,TN,35.035,10.9081,53.4,70,19,11.41,few clouds
133,Mandalgovi,MN,45.7625,106.2708,18.41,37,16,8.77,few clouds
134,Nelson Bay,AU,-32.7167,152.15,71.96,95,100,1.01,moderate rain
135,Kavaratti,IN,10.5669,72.642,82.27,63,85,8.21,overcast clouds
136,Sabzevar,IR,36.2126,57.6819,53.65,44,67,3.47,broken clouds
137,New Norfolk,AU,-42.7826,147.0587,67.71,72,36,1.99,scattered clouds
138,Esperance,AU,-33.8667,121.9,60.64,60,75,17.54,light rain
139,Necochea,AR,-38.5473,-58.7368,64.04,55,1,10.07,clear sky
140,Oktyabrskoye,RU,43.0645,44.7417,37.54,93,59,8.95,broken clouds
141,Atambua,ID,-9.1061,124.8925,76.46,82,18,1.19,few clouds
142,Tuatapere,NZ,-46.1333,167.6833,66.67,47,80,1.79,broken clouds
143,Cam Ranh,VN,11.9214,109.1591,73.36,88,40,8.05,scattered clouds
144,Tasiilaq,GL,65.6145,-37.6368,32.16,74,100,28.21,overcast clouds
145,Avera,US,33.194,-82.5271,78.71,32,0,7.11,clear sky
146,Rio Grande,BR,-32.035,-52.0986,77.95,79,0,7.99,clear sky
147,Mizdah,LY,31.4451,12.9801,43.48,66,0,3.2,clear sky
148,Kaitangata,NZ,-46.2817,169.8464,60.93,60,86,1.63,overcast clouds
149,Mnogovershinnyy,RU,53.9353,139.9242,-3.32,95,56,3.96,broken clouds
150,West Bay,KY,19.3667,-81.4167,81.07,73,20,9.22,few clouds
151,Mackay,AU,-21.15,149.2,88.68,84,40,18.41,scattered clouds
152,Lengshuijiang,CN,27.6881,111.4294,55.92,79,80,0.94,broken clouds
153,Khandyga,RU,62.6667,135.6,-31.65,100,97,1.63,overcast clouds
154,Tabou,CI,4.423,-7.3528,79.48,85,91,6.73,overcast clouds
155,Tiksi,RU,71.6872,128.8694,-24.5,100,76,1.32,broken clouds
156,Caravelas,BR,-17.7125,-39.2481,77.45,82,100,6.24,overcast clouds
157,Provideniya,RU,64.3833,-173.3,23.11,80,40,15.66,scattered clouds
158,Victoria,HK,22.2855,114.1577,66.96,84,85,18.01,overcast clouds
159,Beringovskiy,RU,63.05,179.3167,16.95,94,100,12.64,light snow
160,Half Moon Bay,US,37.4636,-122.4286,76.59,61,100,8.46,overcast clouds
161,Svetlyy,RU,54.675,20.1347,34.97,91,9,5.55,clear sky
162,Palmer,US,42.1584,-72.3287,42.15,50,20,6.91,few clouds
163,Shushtar,IR,32.0455,48.8567,65.19,37,94,1.19,overcast clouds
164,Cherskiy,RU,68.75,161.3,-14.42,97,84,1.01,broken clouds
165,Goderich,CA,43.7501,-81.7165,36.91,74,100,3.44,overcast clouds
166,Eureka,US,40.8021,-124.1637,61.2,87,100,5.01,overcast clouds
167,Mongoumba,CF,3.6415,18.5936,80.15,50,85,5.41,overcast clouds
168,Souillac,MU,-20.5167,57.5167,79.18,94,75,11.5,broken clouds
169,Puerto Lopez,CO,4.0845,-72.956,86.32,53,77,3.0,broken clouds
170,Saskylakh,RU,71.9167,114.0833,-31.13,100,72,4.59,broken clouds
171,Twin Falls,US,42.3505,-114.6445,57.54,47,0,8.05,clear sky
172,Gelemso,ET,8.8167,40.5167,61.92,38,0,2.28,clear sky
173,Gat,IL,31.61,34.7642,63.81,32,100,9.95,overcast clouds
174,Llata,PE,-9.4167,-76.7833,54.57,85,99,3.22,overcast clouds
175,Linqiong,CN,30.4159,103.4609,49.82,80,87,2.59,overcast clouds
176,Kruisfontein,ZA,-34.0033,24.7314,62.89,74,0,4.74,clear sky
177,Pau Dos Ferros,BR,-6.1125,-38.2063,81.37,59,26,7.99,scattered clouds
178,Tazovskiy,RU,67.4667,78.7,-19.73,99,100,3.18,overcast clouds
179,Port Hedland,AU,-20.3167,118.5667,82.45,69,100,8.05,overcast clouds
180,Norman Wells,CA,65.282,-126.8329,8.64,61,75,14.97,broken clouds
181,Granada,ES,37.25,-3.25,48.45,75,71,4.43,broken clouds
182,Banjar,ID,-8.19,114.9675,78.66,93,96,3.13,overcast clouds
183,Zhongshu,CN,24.5167,103.7667,48.16,95,11,5.01,few clouds
184,Lubango,AO,-14.9172,13.4925,60.75,87,100,2.3,overcast clouds
185,Durusu,TR,41.3053,28.6767,40.84,83,100,14.0,overcast clouds
186,Lashio,MM,22.9333,97.75,51.01,52,7,2.06,clear sky
187,Burnie,AU,-41.0667,145.9167,69.93,89,92,14.61,overcast clouds
188,Innisfail,AU,-17.5333,146.0333,81.12,73,70,3.29,broken clouds
189,Kavieng,PG,-2.5744,150.7967,81.28,78,100,6.62,overcast clouds
190,Upernavik,GL,72.7868,-56.1549,-7.8,87,67,6.38,broken clouds
191,Gornopravdinsk,RU,60.05,69.9,28.67,92,100,10.89,overcast clouds
192,Saint Anthony,US,45.0205,-93.218,33.73,56,40,13.8,scattered clouds
193,Ulu-Telyak,RU,54.9086,56.9669,26.92,88,99,6.85,overcast clouds
194,Lazaro Cardenas,MX,17.9583,-102.2,82.6,53,0,11.95,clear sky
195,Sarany,RU,58.5,58.8833,20.79,97,100,10.09,overcast clouds
196,Kutum,SD,14.2,24.6667,73.63,13,97,8.21,overcast clouds
197,Xuanhua,CN,40.6103,115.0447,31.48,40,25,3.56,scattered clouds
198,Bogorodskoye,RU,56.55,37.8833,28.09,98,100,3.78,overcast clouds
199,Poum,NC,-20.2333,164.0167,81.39,72,100,7.87,overcast clouds
200,Ola,RU,59.5833,151.2833,10.36,78,100,13.67,overcast clouds
201,Juba,SS,4.8517,31.5825,82.17,42,43,4.09,scattered clouds
202,Ngunguru,NZ,-35.6167,174.5,71.17,70,99,22.97,overcast clouds
203,Ulaanbaatar,MN,47.9077,106.8832,5.13,72,0,2.24,clear sky
204,Uribia,CO,11.7139,-72.266,85.64,53,97,18.37,overcast clouds
205,Belmonte,BR,-15.8631,-38.8828,81.1,83,100,6.96,overcast clouds
206,Arlit,NE,18.7369,7.3853,80.87,8,8,7.05,clear sky
207,Cidreira,BR,-30.1811,-50.2056,75.6,91,8,10.83,clear sky
208,Kolosovka,RU,56.4678,73.611,16.05,89,57,15.08,broken clouds
209,Carnarvon,AU,-24.8667,113.6333,66.27,55,0,23.02,clear sky
210,Esna,EG,25.2934,32.554,71.91,13,4,7.02,clear sky
211,Fortuna,US,40.5982,-124.1573,65.19,81,75,9.22,broken clouds
212,Maceio,BR,-9.6658,-35.7353,80.04,83,40,6.91,scattered clouds
213,Sabratah,LY,32.7933,12.4885,51.48,61,1,1.79,clear sky
214,Kanashevo,RU,55.2169,62.0634,16.36,96,75,5.44,broken clouds
215,Kurumkan,RU,54.3,110.3,7.65,95,96,4.16,overcast clouds
216,Tuktoyaktuk,CA,69.4541,-133.0374,-0.4,65,20,18.41,few clouds
217,Airai,TL,-8.9266,125.4092,65.26,81,15,1.68,few clouds
218,Pochutla,MX,15.7432,-96.4661,85.82,52,17,7.38,few clouds
219,Bengkulu,ID,-3.8004,102.2655,74.98,88,70,3.49,broken clouds
220,Bac Lieu,VN,9.285,105.7244,79.3,79,99,14.72,overcast clouds
221,Klaksvik,FO,62.2266,-6.589,41.92,85,95,35.5,overcast clouds
222,Ribeira Grande,PT,38.5167,-28.7,58.48,59,79,10.63,broken clouds
223,Pevek,RU,69.7008,170.3133,-16.04,100,97,3.94,overcast clouds
224,Sechura,PE,-5.5569,-80.8222,76.98,64,74,12.44,broken clouds
225,Hamilton,US,39.1834,-84.5333,67.05,40,20,10.36,few clouds
226,La Ronge,CA,55.1001,-105.2842,7.05,30,0,9.22,clear sky
227,Chimbarongo,CL,-34.7,-71.05,88.68,33,0,4.54,clear sky
228,Toro,CO,4.6117,-76.0814,74.08,91,95,2.8,overcast clouds
229,Yumen,CN,40.2833,97.2,31.66,34,68,14.72,broken clouds
230,Sawtell,AU,-30.3833,153.1,73.42,78,30,6.91,scattered clouds
231,Sao Jose Do Campestre,BR,-6.3156,-35.7139,81.16,79,100,8.1,overcast clouds
232,Pokhara,NP,28.2333,83.9833,55.27,51,1,6.26,clear sky
233,Nuuk,GL,64.1835,-51.7216,21.81,79,75,29.93,heavy snow
234,Iqaluit,CA,63.7506,-68.5145,-5.31,70,100,17.27,overcast clouds
235,Henties Bay,NA,-22.116,14.2845,62.85,88,25,7.29,scattered clouds
236,Banda Aceh,ID,5.5577,95.3222,79.18,78,100,5.86,overcast clouds
237,Tonj,SS,7.2737,28.6822,83.88,46,99,2.86,overcast clouds
238,Nyurba,RU,63.2842,118.3319,-3.03,97,100,5.97,overcast clouds
239,Rawson,AR,-43.3002,-65.1023,72.77,44,1,9.04,clear sky
240,Verkhnyaya Inta,RU,65.9811,60.3094,29.07,96,100,22.93,snow
241,Pirovskoye,RU,57.6267,92.2658,7.84,89,100,12.5,overcast clouds
242,Warmbad,NA,-28.45,18.7333,70.84,53,2,12.44,clear sky
243,Yulara,AU,-25.2406,130.9889,82.24,47,87,9.22,overcast clouds
244,Bethel,US,41.3712,-73.414,48.0,50,0,8.05,clear sky
245,Campo Verde,BR,-20.4167,-54.0667,81.61,90,98,5.23,overcast clouds
246,Quatre Cocos,MU,-20.2078,57.7625,78.91,86,51,11.65,light rain
247,Mount Isa,AU,-20.7333,139.5,76.77,29,6,0.0,clear sky
248,Talara,PE,-4.5772,-81.2719,81.36,61,40,10.36,scattered clouds
249,Ambilobe,MG,-13.2,49.05,74.26,96,100,3.47,light rain
250,Gualeguay,AR,-33.1416,-59.3097,74.25,57,0,7.11,clear sky
251,Cabo San Lucas,MX,22.8909,-109.9124,86.5,29,0,9.22,clear sky
252,Ambon,ID,-3.6954,128.1814,77.14,94,40,9.22,scattered clouds
253,Rivers,CA,50.0308,-100.2403,0.55,90,94,4.68,overcast clouds
254,Magadan,RU,59.5667,150.8,11.37,75,100,11.61,overcast clouds
255,Ayagoz,KZ,47.9714,80.4392,-3.41,100,57,7.23,broken clouds
256,Nemuro,JP,43.3236,145.575,28.02,82,67,7.78,broken clouds
257,Codrington,AU,-38.2667,141.9667,74.97,59,4,5.1,clear sky
258,Qandala,SO,11.472,49.8728,76.21,54,5,5.46,clear sky
259,Kasongo-Lunda,CD,-6.4667,16.8167,71.56,93,94,0.56,light rain
260,Fairbanks,US,64.8378,-147.7164,30.81,81,40,3.44,scattered clouds
261,Aripuana,BR,-9.1667,-60.6333,74.53,97,97,0.51,overcast clouds
262,Ewa Beach,US,21.3156,-158.0072,82.35,59,20,11.5,few clouds
263,Luanda,AO,-8.8368,13.2343,79.83,84,52,7.54,broken clouds
264,Nouadhibou,MR,20.931,-17.0347,67.98,73,0,24.16,clear sky
265,Radford,US,37.1318,-80.5764,69.08,31,0,10.36,clear sky
266,Severo-Kurilsk,RU,50.6789,156.125,24.58,78,98,28.41,light snow
267,Puerto Del Rosario,ES,28.5004,-13.8627,64.15,72,20,14.97,few clouds
268,Camacha,PT,33.0833,-16.3333,61.56,82,40,11.5,scattered clouds
269,Lichinga,MZ,-13.3128,35.2406,60.35,95,100,3.78,overcast clouds
270,Sept-Iles,CA,50.2001,-66.3821,18.12,84,40,6.91,scattered clouds
271,Belaya Gora,RU,68.5333,146.4167,-16.55,97,100,2.46,overcast clouds
272,Alice Springs,AU,-23.7,133.8833,78.35,41,1,6.91,clear sky
273,Orda,RU,57.1951,56.9091,17.78,98,84,10.83,broken clouds
274,San Patricio,US,28.017,-97.5169,75.88,56,40,11.5,scattered clouds
275,Chulym,RU,55.0997,80.9572,3.97,99,97,10.2,overcast clouds
276,Lebu,CL,-37.6167,-73.65,61.39,92,24,16.98,few clouds
277,Brigantine,US,39.4101,-74.3646,55.67,59,0,9.22,clear sky
278,Vardo,NO,70.3705,31.1107,35.35,98,97,22.86,light snow
279,Amapa,BR,1.0,-52.0,73.33,91,34,2.1,scattered clouds
280,Padang,ID,-0.9492,100.3543,75.25,85,86,4.47,overcast clouds
281,Comodoro Rivadavia,AR,-45.8667,-67.5,82.26,26,75,28.77,broken clouds
282,Narsaq,GL,60.9167,-46.05,23.22,93,100,7.56,snow
283,Chermoz,RU,58.787,56.1489,18.54,97,58,8.14,broken clouds
284,Ixtapa,MX,20.7,-105.2,76.23,73,0,12.66,clear sky
285,Don Sak,TH,9.3168,99.6918,75.15,87,83,7.36,broken clouds
286,Russellville,US,35.2784,-93.1338,78.94,17,0,4.61,clear sky
287,Omsukchan,RU,62.5333,155.8,-7.46,98,100,5.57,overcast clouds
288,Nioro,GM,13.35,-15.75,80.06,31,98,9.98,overcast clouds
289,Fianarantsoa,MG,-21.4333,47.0833,63.68,98,96,1.52,overcast clouds
290,Ligayan,PH,4.6533,119.4706,81.16,79,52,9.53,broken clouds
291,Bathurst,AU,-33.4166,149.5806,70.72,70,95,12.15,overcast clouds
292,Saint George,US,37.1041,-113.5841,79.27,16,0,0.0,clear sky
293,Linjiang,CN,41.8069,126.9078,14.76,93,53,0.83,broken clouds
294,Havre-Saint-Pierre,CA,50.2334,-63.5986,21.2,86,75,18.41,broken clouds
295,Aksu,CN,41.1231,80.2644,37.83,40,3,3.27,clear sky
296,Alofi,NU,-19.0595,-169.9187,85.89,74,75,9.22,broken clouds
297,Coahuayana,MX,18.7333,-103.6833,89.08,47,0,6.87,clear sky
298,Wasilla,US,61.5814,-149.4394,37.72,45,40,12.66,scattered clouds
299,Ciudad Bolivar,VE,8.1222,-63.5497,86.18,55,54,12.24,broken clouds
300,Hasaki,JP,35.7333,140.8333,39.29,79,100,10.47,overcast clouds
301,Uyuni,BO,-20.4597,-66.825,49.46,79,82,5.26,broken clouds
302,Homer,US,59.6425,-151.5483,38.08,76,100,9.22,overcast clouds
303,Ancud,CL,-41.8697,-73.8203,67.53,89,100,6.44,overcast clouds
304,Benghazi,LY,32.1167,20.0667,55.09,53,7,19.86,clear sky
305,Portland,US,45.5234,-122.6762,55.45,93,100,5.99,light rain
306,Ferme-Neuve,CA,46.7001,-75.4493,20.98,97,100,3.47,light snow
307,Izumo,JP,35.3667,132.7667,42.69,65,20,8.05,few clouds
308,Querecotillo,PE,-4.8378,-80.6456,84.18,49,93,16.22,overcast clouds
309,Knysna,ZA,-34.0363,23.0471,64.78,76,0,4.85,clear sky
310,Kashi,CN,39.4547,75.9797,43.81,24,0,11.18,clear sky
311,Hobyo,SO,5.3505,48.5268,78.28,74,51,18.28,broken clouds
312,Tall Kayf,TR,37.0833,41.0667,50.58,92,100,14.5,overcast clouds
313,Cumra,TR,37.5732,32.7745,33.94,87,93,12.91,light snow
314,Srednekolymsk,RU,67.45,153.6833,-6.79,95,100,7.0,overcast clouds
315,Marsh Harbour,BS,26.5412,-77.0636,73.44,68,6,12.06,clear sky
316,Acajutla,SV,13.5928,-89.8275,98.94,56,4,7.47,clear sky
317,Lagunas,PE,-5.2269,-75.6753,75.31,94,100,3.36,moderate rain
318,Fukue,JP,32.6881,128.8419,49.98,55,2,14.34,clear sky
319,Saint-Michel-Des-Saints,CA,46.6834,-73.9159,12.47,92,100,2.21,overcast clouds
320,Sungaipenuh,ID,-2.0833,101.3833,63.34,94,86,2.73,light rain
321,Togur,RU,58.3631,82.8265,8.08,95,100,8.34,overcast clouds
322,Taitung,TW,22.7583,121.1444,66.47,88,40,4.61,scattered clouds
323,Goure,NE,13.9835,10.2704,79.02,6,25,8.03,scattered clouds
324,Andenes,NO,69.3143,16.1194,33.78,69,75,20.71,light snow
325,Binzhou,CN,37.3667,118.0167,38.91,24,0,3.4,clear sky
326,Gravdal,NO,68.1214,13.5031,33.69,75,75,11.5,broken clouds
327,Harnosand,SE,62.6323,17.9379,37.4,73,3,20.47,clear sky
328,Borogontsy,RU,62.6683,131.1683,-26.36,100,100,2.84,overcast clouds
329,Hvolsvollur,IS,63.7533,-20.2243,34.81,76,93,8.63,overcast clouds
330,Dhidhdhoo,MV,6.8833,73.1,82.98,57,100,6.51,overcast clouds
331,Canutama,BR,-6.5339,-64.3831,75.06,91,96,0.67,overcast clouds
332,Farafangana,MG,-22.8167,47.8333,75.97,91,92,6.26,moderate rain
333,Nehe,CN,48.4833,124.8333,-8.7,99,28,1.99,scattered clouds
334,Oussouye,SN,12.485,-16.5469,75.38,60,100,11.52,overcast clouds
335,Colorado,BR,-22.8375,-51.9731,71.6,86,100,3.33,overcast clouds
336,Broome,US,42.2506,-75.833,39.78,51,75,5.75,broken clouds
337,Hofn,IS,64.2539,-15.2082,42.53,94,100,14.27,overcast clouds
338,Manono,CD,-7.3,27.4167,67.19,97,94,0.76,overcast clouds
339,Sur,OM,22.5667,59.5289,73.33,64,0,6.76,clear sky
340,Roald,NO,62.5833,6.1333,39.76,100,20,4.61,few clouds
341,Freetown,SL,8.484,-13.2299,76.37,78,45,6.2,light rain
342,Suclayin,PH,15.7568,121.5503,74.12,89,87,1.5,overcast clouds
343,Krasnoborsk,RU,61.5598,45.934,32.07,93,100,3.89,overcast clouds
344,Mareeba,AU,-17.0,145.4333,81.48,89,65,4.94,broken clouds
345,Sioux Lookout,CA,50.1001,-91.917,12.58,47,0,9.22,clear sky
346,Rocha,UY,-34.4833,-54.3333,68.67,62,1,5.53,clear sky
347,Pozo Colorado,PY,-23.4923,-58.7972,73.38,87,100,1.77,overcast clouds
348,Kachiry,KZ,53.0675,76.1036,3.31,97,52,8.75,broken clouds
349,Coquimbo,CL,-29.9533,-71.3436,65.93,72,0,12.66,clear sky
350,Naranjal,EC,-2.6667,-79.6167,83.53,85,85,2.37,light rain
351,Bud,US,39.447,-86.1758,67.42,62,90,10.78,overcast clouds
352,Boissevain,CA,49.2306,-100.0559,7.65,92,100,3.47,overcast clouds
353,Sorland,NO,67.667,12.6934,33.87,58,99,13.56,overcast clouds
354,Christchurch,NZ,-43.5333,172.6333,67.6,68,26,9.22,scattered clouds
355,Falmouth,GB,50.1544,-5.0711,49.1,100,75,8.05,moderate rain
356,Lumberton,US,34.6182,-79.0086,75.88,46,0,4.29,clear sky
357,Mtambile,TZ,-5.3833,39.7,78.76,78,88,10.6,overcast clouds
358,Katherine,AU,-14.4667,132.2667,80.92,78,92,5.75,overcast clouds
359,Saraland,US,30.8207,-88.0706,76.64,40,6,5.35,clear sky
360,Chernyshevskiy,RU,63.0128,112.4714,5.45,96,100,6.08,overcast clouds
361,Plouzane,FR,48.3833,-4.6167,50.18,93,100,12.66,light rain
362,Shingu,JP,33.7333,135.9833,45.91,63,0,6.22,clear sky
363,Pokrovskoye,RU,47.4157,38.8971,38.8,97,100,8.3,overcast clouds
364,Vagur,FO,61.4732,-6.8119,43.43,88,44,31.74,scattered clouds
365,Yichun,CN,47.7,128.9,-0.13,97,63,1.95,broken clouds
366,Atar,MR,20.5169,-13.0499,73.81,26,0,9.62,clear sky
367,Bambous Virieux,MU,-20.3428,57.7575,79.05,94,75,11.5,light rain
368,Ostrovnoy,RU,68.0531,39.5131,26.91,94,100,4.32,overcast clouds
369,Thompson,CA,55.7435,-97.8558,6.96,40,75,16.11,broken clouds
370,Kamenskiy,RU,50.8855,45.488,23.76,99,100,4.7,overcast clouds
371,Vestmannaeyjar,IS,63.4427,-20.2734,41.92,62,99,20.54,overcast clouds
372,Vila Franca Do Campo,PT,37.7167,-25.4333,58.19,71,84,8.1,broken clouds
373,Grindavik,IS,63.8424,-22.4338,39.15,81,75,19.57,broken clouds
374,Luderitz,NA,-26.6481,15.1594,65.25,87,0,7.83,clear sky
375,Santa Cruz,BO,-17.8,-63.1667,89.06,62,40,13.8,scattered clouds
376,Tumen,CN,42.9661,129.8425,25.88,42,0,6.15,clear sky
377,Hualmay,PE,-11.0964,-77.6139,72.73,78,96,6.64,overcast clouds
378,Zhangjiakou,CN,40.81,114.8794,28.78,47,37,3.0,scattered clouds
379,Itoman,JP,26.1247,127.6694,60.82,79,75,6.91,broken clouds
380,Richards Bay,ZA,-28.783,32.0377,73.04,76,7,12.15,clear sky
381,Pizarro,CO,4.9533,-77.366,77.22,88,73,4.59,light rain
382,Kharsawan,IN,22.8,85.8333,67.44,37,1,3.18,clear sky
383,Talcahuano,CL,-36.7167,-73.1167,69.48,68,0,18.41,clear sky
384,Lasa,IT,46.6166,10.7002,40.08,78,98,4.36,overcast clouds
385,Dasoguz,TM,41.8363,59.9666,42.75,87,0,11.5,clear sky
386,Hay River,CA,60.8156,-115.7999,-4.02,65,20,5.75,few clouds
387,Deputatskiy,RU,69.3,139.9,-26.09,98,88,1.3,overcast clouds
388,Payo,ID,-3.7508,103.6372,70.11,92,97,2.04,overcast clouds
389,Hami,CN,42.8,93.45,34.09,38,51,0.69,broken clouds
390,Havelock,US,34.8791,-76.9013,69.78,54,0,12.66,clear sky
391,Vigrestad,NO,58.5667,5.7,38.59,76,1,5.93,clear sky
392,Chumikan,RU,54.7183,135.315,-3.15,91,94,13.47,overcast clouds
393,Mayumba,GA,-3.432,10.6554,79.41,85,73,0.54,broken clouds
394,Les Cayes,HT,18.2,-73.75,77.7,76,40,3.13,scattered clouds
395,Olavarria,AR,-36.8927,-60.3225,67.15,44,1,8.23,clear sky
396,Ahipara,NZ,-35.1667,173.1667,72.55,53,98,15.28,overcast clouds
397,Morro Bay,US,35.3658,-120.8499,84.74,60,29,4.0,scattered clouds
398,Nova Olinda Do Norte,BR,-3.8881,-59.0942,75.27,96,95,1.66,light rain
399,Morant Bay,JM,17.8815,-76.4093,83.82,77,25,9.4,scattered clouds
400,Boromo,BF,11.75,-2.9333,85.73,40,60,4.45,broken clouds
401,Lompoc,US,34.6391,-120.4579,83.08,34,0,12.66,clear sky
402,Chicama,PE,-7.8447,-79.1469,68.54,60,71,7.4,broken clouds
403,Bairiki,KI,1.3292,172.9752,82.4,83,75,12.66,light rain
404,Meulaboh,ID,4.1363,96.1285,77.05,87,100,4.9,overcast clouds
405,San Roque,ES,36.2107,-5.3842,59.83,67,44,13.8,scattered clouds
406,Port Augusta,AU,-32.5,137.7667,80.71,40,2,4.83,clear sky
407,Bahia Blanca,AR,-38.7196,-62.2724,70.07,42,27,10.78,scattered clouds
408,Igarka,RU,67.4667,86.5833,-14.48,98,100,4.25,overcast clouds
409,Taltal,CL,-25.4,-70.4833,66.97,79,24,2.06,few clouds
410,Port Victoria,KE,0.0939,33.9756,72.54,67,85,6.29,overcast clouds
411,Kendari,ID,-3.945,122.4989,77.41,88,31,1.61,scattered clouds
412,Tezu,IN,27.9167,96.1667,60.8,36,0,4.59,clear sky
413,Haines Junction,CA,60.7522,-137.5108,28.35,50,100,2.3,overcast clouds
414,Mabaruma,GY,8.2,-59.7833,75.94,88,62,4.54,broken clouds
415,Uni,RU,57.7535,51.4923,19.56,99,99,7.67,overcast clouds
416,Forestville,US,38.8451,-76.875,62.24,49,40,6.91,scattered clouds
417,Cap Malheureux,MU,-19.9842,57.6142,79.29,90,31,1.99,scattered clouds
418,Saldanha,ZA,-33.0117,17.9442,66.25,92,2,3.89,clear sky
419,Linhai,CN,28.85,121.1167,51.93,74,95,1.9,overcast clouds
420,Vila Velha,BR,-20.3297,-40.2925,80.55,85,20,14.97,few clouds
421,Eyl,SO,7.9803,49.8164,72.95,78,5,13.22,clear sky
422,Montijo,PT,38.7067,-8.9739,57.58,82,0,4.61,clear sky
423,Guanare,VE,9.0418,-69.7421,86.02,58,73,6.91,broken clouds
424,Boende,CD,-0.2167,20.8667,70.83,97,100,2.33,light rain
425,Gampaha,LK,7.0897,79.9925,76.93,94,100,8.05,light rain
426,Leshukonskoye,RU,64.8989,45.7622,29.89,90,100,7.94,overcast clouds
427,Tanabi,BR,-20.6264,-49.6492,82.62,63,18,5.32,few clouds
428,Callaguip,PH,18.0714,120.4867,73.42,88,40,5.75,scattered clouds
429,Sorong,ID,-0.8833,131.25,81.19,78,100,2.21,overcast clouds
430,Cacoal,BR,-11.4386,-61.4472,76.03,92,100,2.68,overcast clouds
431,Suntar,RU,62.1444,117.6319,4.69,96,100,3.98,overcast clouds
432,Prince Rupert,CA,54.3161,-130.3201,44.69,87,75,9.22,broken clouds
433,Bolshoy Lug,RU,52.0779,104.0919,21.38,92,100,4.21,overcast clouds
434,Batemans Bay,AU,-35.7167,150.1833,72.19,95,97,12.44,overcast clouds
435,Boa Vista,BR,2.8197,-60.6733,87.78,51,40,9.22,scattered clouds
436,Maragogi,BR,-9.0122,-35.2225,80.31,80,76,7.18,broken clouds
437,Ratnagiri,IN,16.9833,73.3,75.51,48,27,3.15,scattered clouds
438,Farmington,US,36.7281,-108.2187,67.39,12,0,3.44,clear sky
439,Bathsheba,BB,13.2167,-59.5167,77.61,78,75,17.27,broken clouds
440,Svebolle,DK,55.6518,11.2866,34.88,85,42,6.35,scattered clouds
441,Lagoa,PT,39.05,-27.9833,57.42,57,87,11.92,overcast clouds
442,Karratha,AU,-20.7377,116.8463,86.7,67,43,7.23,scattered clouds
443,Nosy Varika,MG,-20.5833,48.5333,75.18,93,100,3.4,light rain
444,Kemalpasa,TR,38.4262,27.4173,38.71,80,100,8.99,overcast clouds
445,Hitachi,JP,36.6,140.65,37.87,84,98,3.94,overcast clouds
446,Surgana,IN,20.5667,73.6167,69.6,25,7,3.89,clear sky
447,Akita,JP,39.7167,140.1167,34.74,93,75,5.75,mist
448,San Quintin,MX,30.4833,-115.95,69.67,39,98,7.29,overcast clouds
449,Sayyan,YE,15.1718,44.3244,54.39,37,5,7.36,clear sky
450,Treinta Y Tres,UY,-33.2333,-54.3833,70.93,60,0,6.46,clear sky
451,Bulgan,MN,48.8125,103.5347,15.91,73,100,7.05,overcast clouds
452,San Andres,CO,12.5847,-81.7006,80.62,83,75,10.36,light intensity drizzle
453,Qeshm,IR,26.9581,56.2719,64.29,70,2,4.74,clear sky
454,Stephenville,US,32.2207,-98.2023,77.59,18,0,5.75,clear sky
455,Senanga,ZM,-16.1167,23.2667,66.15,97,100,4.92,moderate rain
456,Dharchula,IN,29.85,80.5333,49.08,39,20,8.25,few clouds
457,Ugoofaaru,MV,5.6667,73.0,82.85,57,95,7.45,overcast clouds
458,Alyangula,AU,-13.8483,136.4192,84.07,84,98,0.0,overcast clouds
459,Mao,ES,39.8885,4.2658,54.16,82,40,6.91,scattered clouds
460,Raudeberg,NO,61.9875,5.1352,38.62,93,35,11.77,scattered clouds
461,Mahanoro,MG,-19.9,48.8,76.75,91,99,4.52,overcast clouds
462,Tuy Hoa,VN,13.0833,109.3,70.38,90,81,5.48,broken clouds
463,Chiang Khong,TH,20.2613,100.4046,68.32,69,45,1.68,scattered clouds
464,Sao Miguel Do Araguaia,BR,-13.275,-50.1628,73.62,90,99,4.88,overcast clouds
465,Russell,US,32.3502,-85.1999,78.51,20,0,3.44,clear sky
466,Urumqi,CN,43.801,87.6005,29.35,80,0,2.24,clear sky
467,Baghdad,IQ,33.3406,44.4009,67.91,30,0,10.36,clear sky
468,Kholmogory,RU,64.2229,41.656,26.71,93,98,6.55,overcast clouds
469,Tual,ID,-5.6667,132.75,83.73,73,67,8.01,broken clouds
470,Koani,TZ,-6.1333,39.2833,76.35,80,82,6.15,broken clouds
471,Port Elizabeth,ZA,-33.918,25.5701,65.1,82,0,6.91,clear sky
472,Lodja,CD,-3.4833,23.4333,66.94,98,100,1.59,overcast clouds
473,Mayo,US,38.8876,-76.5119,62.87,61,0,5.75,clear sky
474,Tura,IN,25.5198,90.2201,61.65,38,0,2.86,clear sky
475,Champlin,US,45.1889,-93.3975,34.02,58,40,13.8,scattered clouds
476,Zhigansk,RU,66.7697,123.3711,-26.41,100,99,2.44,overcast clouds
477,Nome,US,64.5011,-165.4064,17.67,79,75,12.66,broken clouds
478,Mwene-Ditu,CD,-7.0,23.45,62.91,95,78,1.03,broken clouds
479,Namibe,AO,-15.1961,12.1522,73.98,83,99,6.51,overcast clouds
480,La Tuque,CA,47.4334,-72.7824,19.65,63,100,5.75,overcast clouds
481,Sao Felix Do Xingu,BR,-6.6447,-51.995,73.49,97,100,1.25,overcast clouds
482,Punta Alta,AR,-38.8759,-62.0736,67.8,52,20,13.2,few clouds
483,Batangafo,CF,7.3008,18.2833,81.54,28,97,2.28,overcast clouds
484,Dobroye,RU,52.8678,39.8109,27.45,99,100,3.27,overcast clouds
485,Tadine,NC,-21.55,167.8833,83.03,73,98,4.94,overcast clouds
486,Anadyr,RU,64.75,177.4833,12.7,85,0,11.18,clear sky
487,Olean,US,42.0776,-78.4297,45.28,69,100,4.61,overcast clouds
488,Kieta,PG,-6.2167,155.6333,80.6,77,100,2.68,overcast clouds
489,Maxixe,MZ,-23.8597,35.3472,70.84,78,0,5.95,clear sky
490,Pitimbu,BR,-7.4706,-34.8086,81.19,75,82,9.6,broken clouds
491,Imaculada,BR,-7.3897,-37.5092,72.01,71,100,4.56,overcast clouds
492,Madang,PG,-5.2246,145.7966,80.29,82,97,1.97,overcast clouds
493,Toamasina,MG,-18.1667,49.3833,78.8,89,40,2.3,scattered clouds
494,Hovd,MN,48.0056,91.6419,7.36,66,64,8.08,broken clouds
495,Geraldton,AU,-28.7667,114.6,55.81,71,0,10.36,clear sky
496,Thunder Bay,CA,48.4001,-89.3168,21.11,35,0,14.97,clear sky
497,Lata,PT,40.1629,-8.3327,55.81,89,90,1.36,overcast clouds
498,Walvis Bay,NA,-22.9575,14.5053,65.35,77,7,2.3,clear sky
499,Mugur-Aksy,RU,50.35,90.5,-6.03,85,44,9.04,scattered clouds
500,Mahbubnagar,IN,16.7333,77.9833,70.32,36,36,4.45,scattered clouds
501,Whitecourt,CA,54.1502,-115.6855,20.44,86,100,6.91,mist
502,Linguere,SN,15.3953,-15.1193,77.92,13,60,11.05,broken clouds
503,Alamogordo,US,32.8995,-105.9603,76.14,12,0,5.99,clear sky
504,Pitsunda,GE,43.1592,40.3378,46.58,92,100,5.5,light rain
505,Iki-Burul,RU,45.8208,44.6472,39.54,87,97,10.87,overcast clouds
506,Kundiawa,PG,-6.0167,144.9667,66.92,89,100,0.74,overcast clouds
507,Te Anau,NZ,-45.4167,167.7167,66.24,51,81,0.94,broken clouds
508,Isangel,VU,-19.55,169.2667,84.31,89,40,6.91,scattered clouds
509,Guane,CU,22.2025,-84.0875,75.56,51,3,6.24,clear sky
510,Bonavista,CA,48.6499,-53.1147,31.12,77,87,20.89,overcast clouds
511,Port Keats,AU,-14.25,129.55,84.07,78,16,9.69,few clouds
512,Kuching,MY,1.55,110.3333,75.42,94,20,0.0,few clouds
513,Bani,DO,18.2833,-70.3333,80.04,77,48,4.88,scattered clouds
514,Rabat,MA,33.9911,-6.8401,59.16,92,75,0.0,broken clouds
515,Zheshart,RU,62.0731,49.5733,23.67,97,100,5.1,overcast clouds
516,Cherkasskoye,RU,52.4333,47.2167,24.49,96,100,0.96,overcast clouds
517,Soissons,FR,49.3333,3.3333,46.6,82,98,3.53,overcast clouds
518,Aswan,EG,24.0934,32.907,74.5,16,0,9.22,clear sky
519,Marienburg,PL,54.0359,19.0266,34.12,79,3,4.45,clear sky
520,Port Macquarie,AU,-31.4333,152.9167,78.89,70,75,10.56,broken clouds
521,Kushima,JP,31.4583,131.2333,42.84,66,0,7.61,clear sky
522,Charters Towers,AU,-20.1,146.2667,90.57,33,16,10.13,few clouds
523,Husavik,IS,66.0449,-17.3389,42.71,88,100,25.88,overcast clouds
524,Borovoy,RU,55.4333,86.0833,7.88,72,0,13.42,clear sky
525,Siuna,NI,13.7332,-84.7773,84.72,44,25,8.99,scattered clouds
526,Cabedelo,BR,-6.9811,-34.8339,81.27,77,91,9.37,overcast clouds
527,The Valley,AI,18.217,-63.0578,80.46,78,20,12.66,few clouds
528,Kibala,TD,9.1104,18.3463,78.75,36,0,0.0,clear sky
529,San Gabriel Casa Blanca,MX,18.15,-97.1333,79.5,33,3,9.51,clear sky
530,Hokitika,NZ,-42.7167,170.9667,64.83,56,90,4.47,overcast clouds
531,Tecoanapa,MX,16.5167,-98.75,84.6,57,57,11.34,broken clouds
532,Villa Union,MX,23.2,-106.2333,74.91,64,100,7.58,overcast clouds
533,Saluzzo,IT,44.6464,7.4862,46.29,55,100,2.3,overcast clouds
534,Charyshskoye,RU,51.3978,83.5598,4.14,94,62,4.9,broken clouds
535,Mardin,TR,37.3131,40.7436,44.6,96,100,12.12,overcast clouds
536,Bousso,TD,10.4795,16.7117,81.07,10,77,5.37,broken clouds
537,Guerrero Negro,MX,27.9769,-114.0611,70.81,40,99,12.3,overcast clouds
538,Lima,PE,-12.0432,-77.0282,76.39,82,0,9.22,fog
539,Niksic,ME,42.7731,18.9445,37.27,81,11,6.13,few clouds
540,Mogadishu,SO,2.0371,45.3438,78.22,85,92,22.12,overcast clouds
541,Komatsu,JP,36.4026,136.4509,44.73,87,75,9.22,broken clouds
542,Pisco,PE,-13.7,-76.2167,78.85,61,0,8.05,clear sky
543,Riyadh,SA,24.6877,46.7219,69.94,27,33,11.12,scattered clouds
544,Cabra,ES,37.4725,-4.4421,53.65,70,72,2.3,broken clouds
545,Oktyabrskiy,RU,54.4815,53.471,21.47,96,85,4.56,overcast clouds
546,Vostok,RU,46.4856,135.8833,11.17,94,100,4.12,light snow
547,Grants Pass,US,42.439,-123.3284,66.43,65,100,7.0,overcast clouds
548,Pemba,MZ,-12.974,40.5178,77.61,86,100,4.16,moderate rain
549,Zhoucheng,CN,35.9122,116.3117,39.27,41,0,1.19,clear sky
550,Muros,ES,42.7762,-9.0603,55.24,92,100,18.75,overcast clouds
551,Fengcheng,CN,40.4536,124.0717,27.09,47,2,2.93,clear sky
552,Sturgeon Bay,US,44.8342,-87.377,36.09,74,100,10.36,overcast clouds
553,Ponta Delgada,PT,37.7333,-25.6667,58.5,76,20,6.91,few clouds
554,Miri,MY,4.4148,114.0089,73.54,100,40,0.0,scattered clouds
555,Arcata,US,40.8665,-124.0828,61.2,88,100,3.0,overcast clouds
556,Fare,PF,-16.7,-151.0167,81.59,74,60,15.66,broken clouds
557,Lokosovo,RU,61.1333,74.8167,20.14,94,100,11.41,light snow
558,Kayerkan,RU,69.3497,87.7602,-14.69,98,100,3.36,overcast clouds
559,Katangli,RU,51.7102,143.2326,-0.6,95,83,6.49,broken clouds
560,Nara,JP,34.6851,135.8049,45.68,64,56,4.65,broken clouds
561,Jiwani,PK,25.05,61.7417,72.28,73,0,7.02,clear sky
562,Liuzhou,CN,24.3126,109.3892,62.8,82,59,2.26,broken clouds
563,Freeport,US,40.6576,-73.5832,53.56,53,0,17.27,clear sky
564,Olinda,BR,-8.0089,-34.8553,83.93,74,40,8.05,scattered clouds
565,Kommunar,RU,59.6206,30.39,31.53,94,86,4.81,overcast clouds
566,Korla,CN,41.7597,86.1469,35.33,50,20,2.77,few clouds
567,Cocorit,MX,27.5833,-109.9667,88.47,10,97,13.09,overcast clouds
568,Port Lincoln,AU,-34.7333,135.8667,72.88,70,81,5.93,broken clouds
569,Roswell,US,34.0232,-84.3616,76.12,20,0,11.5,clear sky
570,Turayf,SA,31.6725,38.6637,62.85,36,0,6.91,clear sky
571,Biak,ID,-0.9131,122.8766,78.19,80,87,2.73,overcast clouds
572,Lewisporte,CA,49.2499,-55.0482,28.13,75,99,15.73,overcast clouds
573,Taikang,CN,46.8333,124.4167,1.99,90,5,5.19,clear sky
574,Falakata,IN,26.5208,89.2055,64.36,48,0,1.61,clear sky
575,Tiznit,MA,29.5833,-9.5,57.02,74,6,3.2,clear sky
576,Bandarbeyla,SO,9.4942,50.8122,74.46,76,13,13.27,few clouds
577,Mayfield Heights,US,41.5192,-81.4579,52.29,72,100,4.61,overcast clouds
578,Takoradi,GH,4.8845,-1.7554,79.36,82,57,7.43,broken clouds
579,Batticaloa,LK,7.7102,81.6924,79.39,73,100,16.42,heavy intensity rain
580,Yelatma,RU,54.9675,41.7508,19.74,97,100,4.56,overcast clouds
581,Presidencia Roque Saenz Pena,AR,-26.7852,-60.4388,86.36,54,84,5.28,broken clouds
582,Kahului,US,20.8947,-156.47,85.26,60,20,11.5,few clouds
583,Akyab,MM,20.15,92.9,67.26,41,3,8.28,clear sky
584,Swiecie,PL,53.4095,18.4474,32.77,55,11,1.01,few clouds
585,Yatou,CN,37.15,122.3833,36.86,74,0,4.65,clear sky
586,Manavalakurichi,IN,8.1333,77.3,77.09,66,98,11.03,overcast clouds
587,Rizhao,CN,35.4275,119.4553,42.48,35,0,2.71,clear sky
588,Gambela,ET,8.25,34.5833,83.95,46,40,1.48,scattered clouds
589,Tsevie,TG,6.4261,1.2133,83.28,71,64,10.45,broken clouds
590,Leh,IN,34.1667,77.5833,5.14,86,91,3.24,overcast clouds
591,Xinglongshan,CN,43.9561,125.4661,11.95,85,7,2.24,clear sky
592,Gizo,SB,-8.103,156.8419,78.22,86,100,6.46,light rain
593,Guatire,VE,10.4762,-66.5427,81.1,95,75,3.98,broken clouds
594,Carauari,BR,-4.8828,-66.8958,74.66,92,99,2.62,light rain
595,Zanjan,IR,36.6736,48.4787,44.17,73,100,7.14,overcast clouds
596,Malindi,KE,-3.2175,40.1191,77.68,84,61,11.41,broken clouds
597,Loandjili,CG,-4.7561,11.8578,80.71,83,20,3.44,few clouds
598,Businga,CD,3.3333,20.8833,78.67,62,88,5.14,overcast clouds
599,Nakamura,JP,32.9833,132.9333,45.72,66,3,5.19,clear sky
600,Miastko,PL,54.0028,16.9826,30.52,87,3,4.09,clear sky
601,Manjacaze,MZ,-24.7117,33.8828,66.61,82,0,3.96,clear sky
602,Wanaka,NZ,-44.7,169.15,62.11,64,76,1.99,broken clouds
603,Kamina,CD,-8.7386,24.9906,62.49,97,93,2.17,overcast clouds
604,Champerico,GT,14.3,-91.9167,91.94,61,13,9.73,few clouds
605,Emerald,AU,-23.5333,148.1667,84.34,39,0,9.22,clear sky
606,San Carlos De Bariloche,AR,-41.1456,-71.3082,71.35,40,0,17.27,clear sky
607,Baykit,RU,61.67,96.37,7.14,91,100,10.71,overcast clouds
608,Newport,GB,51.5877,-2.9984,47.44,88,100,3.0,overcast clouds
609,Byron Bay,AU,-28.65,153.6167,69.91,78,80,3.47,light rain
610,Buluang,PH,13.3068,123.3425,76.71,87,73,4.0,light rain
611,Wajima,JP,37.4,136.9,47.5,68,21,24.32,few clouds
612,Sao Joao Da Barra,BR,-21.6403,-41.0511,77.99,85,27,14.97,scattered clouds
613,Priiskovyy,RU,51.9333,116.6333,6.22,92,100,2.06,overcast clouds
614,Sandusky,US,41.3501,-83.1332,50.29,82,99,6.33,overcast clouds
615,Gunjur,GM,13.2019,-16.7339,71.38,70,95,14.7,overcast clouds
616,Komsomolskiy,UZ,40.4272,71.7189,42.22,65,6,9.22,clear sky
617,Santa Rosa,PH,14.3122,121.1114,79.02,79,66,10.16,broken clouds
618,Dir,PK,35.2058,71.8756,45.32,52,100,6.78,overcast clouds
619,Aykhal,RU,66.0,111.5,-3.59,99,100,5.44,overcast clouds
620,Los Llanos De Aridane,ES,28.6585,-17.9182,62.35,78,100,14.97,overcast clouds
621,Carora,VE,10.1755,-70.0827,81.19,61,100,9.53,overcast clouds
622,Kazachinskoye,RU,57.6953,93.2761,9.0,90,100,10.71,overcast clouds
623,Asau,RO,46.4333,26.4,31.95,87,95,4.34,overcast clouds
624,Nanyamba,TZ,-10.6833,39.8333,71.87,96,97,3.29,overcast clouds
625,Naustdal,NO,61.509,5.7168,37.26,100,20,5.75,mist
626,Lesnoy,RU,57.6198,63.0784,22.96,87,85,8.99,overcast clouds
627,Williston,US,48.147,-103.618,27.01,83,100,1.99,overcast clouds
628,Barpeta,IN,26.3167,91.0,64.49,54,1,2.53,clear sky
629,Kocser,HU,47.0017,19.9207,37.22,65,0,4.61,clear sky
630,Arroyos Y Esteros,PY,-25.0667,-57.1,78.55,98,97,3.11,moderate rain
631,Brockville,CA,44.5834,-75.6826,30.96,86,100,11.01,overcast clouds
632,Canico,PT,32.6333,-16.85,65.03,84,40,8.05,scattered clouds
633,Port Said,EG,31.2565,32.2841,64.38,82,0,11.5,clear sky
634,Kloulklubed,PW,7.0419,134.2556,79.3,78,20,17.38,few clouds
635,Beira,MZ,-19.8436,34.8389,78.89,73,0,8.05,clear sky
636,Vladeni,RO,47.7167,26.5167,33.96,93,75,11.5,light snow
637,Coihaique,CL,-45.5752,-72.0662,66.15,59,75,3.44,broken clouds
638,Vestmanna,FO,62.1564,-7.1664,40.12,81,100,27.63,overcast clouds
639,Taoudenni,ML,22.6783,-3.9836,68.99,24,43,16.46,scattered clouds
640,Diamantino,BR,-14.4086,-56.4461,75.49,89,89,2.73,overcast clouds
641,Namatanai,PG,-3.6667,152.4333,81.82,74,100,2.57,overcast clouds
642,Buraydah,SA,26.326,43.975,72.05,23,63,18.61,broken clouds
643,Changji,CN,44.0167,87.3167,32.79,80,0,2.24,clear sky
644,Nouakchott,MR,18.0858,-15.9785,71.53,58,0,14.34,clear sky
645,Kathmandu,NP,27.7167,85.3167,50.22,87,20,3.44,few clouds
646,Ketchikan,US,55.3422,-131.6461,45.07,81,100,6.91,overcast clouds
647,Natchez,US,31.5604,-91.4032,74.64,19,0,8.05,clear sky
648,Krasnoselkup,RU,65.7,82.4667,-17.07,100,100,6.44,overcast clouds
649,Matamoros,MX,25.5333,-103.25,82.51,15,75,5.75,broken clouds
650,Prizren,XK,42.2139,20.7397,35.24,74,62,4.05,broken clouds
651,Candido Mendes,BR,-1.4467,-45.7167,75.07,92,97,4.09,overcast clouds
652,Havoysund,NO,70.9963,24.6622,32.88,87,100,37.22,light snow
653,Nampula,MZ,-15.1165,39.2666,73.35,88,40,7.0,scattered clouds
654,Naron,ES,43.5167,-8.1528,55.69,90,100,13.8,overcast clouds
655,Gazimurskiy Zavod,RU,51.5461,118.3266,4.03,90,99,4.12,overcast clouds
656,Rodez,FR,44.5,2.5833,45.03,100,100,2.3,overcast clouds
657,Paso De Carrasco,UY,-34.8603,-56.0522,77.95,59,0,8.05,clear sky
658,Grootfontein,NA,-19.5667,18.1167,63.97,94,97,1.14,overcast clouds
659,San Ignacio,BZ,17.1561,-89.0714,77.85,70,51,6.44,broken clouds
660,Bursa,TR,40.1667,29.0833,33.84,85,100,4.12,overcast clouds
661,Ilo,PE,-17.6394,-71.3375,70.95,81,46,1.7,scattered clouds
662,Olga,RU,43.7444,135.2892,29.05,46,99,12.91,overcast clouds
663,Iskateley,RU,67.6803,53.1512,17.71,93,100,16.69,overcast clouds
664,Blora,ID,-6.9698,111.4186,74.41,92,100,4.41,overcast clouds
665,Nabire,ID,-3.3667,135.4833,76.82,90,96,2.26,overcast clouds
666,Gorontalo,ID,0.5412,123.0595,76.5,93,93,3.0,overcast clouds
667,Yamaga,JP,33.0167,130.6833,40.75,69,5,1.41,clear sky
668,Bilibino,RU,68.0546,166.4372,-3.86,99,75,2.66,broken clouds
669,Aldan,RU,58.6031,125.3894,-11.6,91,46,5.82,scattered clouds
670,Black Diamond,US,47.3087,-122.0032,52.0,88,100,1.99,light rain
671,Soyo,AO,-6.1349,12.3689,80.33,84,39,5.59,scattered clouds
672,Zheleznodorozhnyy,RU,55.7503,38.0042,28.81,96,100,3.4,overcast clouds
673,Coolum Beach,AU,-26.5333,153.1,73.22,99,83,5.5,light rain
674,Grand Gaube,MU,-20.0064,57.6608,79.2,90,27,9.69,scattered clouds
675,Morondava,MG,-20.2833,44.2833,79.18,86,44,5.41,light rain
676,Craig,US,40.5153,-107.5464,52.56,56,0,3.44,clear sky
677,Lazurne,UA,46.084,32.5295,37.94,87,98,8.77,overcast clouds
678,Mindelo,CV,16.8901,-24.9804,71.15,73,75,24.16,broken clouds
679,Manaure,CO,11.7751,-72.4445,80.71,66,96,20.49,overcast clouds
680,Syedove,UA,47.0768,38.156,43.0,93,100,13.38,overcast clouds
681,Mezhdurechensk,RU,53.6942,88.0603,11.84,93,100,6.76,light snow
682,Astorga,BR,-23.2325,-51.6656,77.4,87,100,3.06,overcast clouds
683,Kampot,KH,10.6167,104.1833,75.25,75,86,3.06,overcast clouds
684,Santa Rosalia,MX,27.3167,-112.2833,70.65,27,88,2.84,overcast clouds
685,Kon Tum,VN,14.35,108.0,60.94,95,71,2.82,broken clouds
686,Troitsk,RU,54.0979,61.5773,13.51,93,60,8.14,broken clouds
687,Basco,PH,20.4487,121.9702,75.25,76,96,16.22,overcast clouds
